{"cameraMode":{"drawMode":0,"name":"Shaded","section":"Shading Mode"},"sceneLighting":true,"audioPlay":false,"sceneViewState":{"showFog":true,"showMaterialUpdate":false,"showSkybox":true,"showFlares":true,"showImageEffects":true,"showParticleSystems":true},"in2DMode":false,"pivot":{"x":6.373209476470947,"y":3.1780145168304445,"z":-7.156480312347412},"rotation":{"x":0.07976282387971878,"y":-0.11635681241750717,"z":0.009376070462167263,"w":0.9899613261222839},"size":3.3220179080963136,"orthographic":false}